UDI,Product ID,Type,Air temperature [K],Process temperature [K],Rotational speed [rpm],Torque [Nm],Tool wear [min],Machine failure,TWF,HDF,PWF,OSF,RNF
1,M14861,H,296.1,308.5,1450,25.6,188,0,0,0,0,0,0
2,M14862,L,301.8,315.7,1289,51.3,8,1,0,1,0,0,1
3,M14863,L,297.3,308.3,1774,23.9,166,0,0,0,0,0,0
4,M14864,H,300.4,307.6,1484,66.7,1,1,0,0,0,0,0
5,M14865,L,302.0,310.4,1359,25.1,195,0,0,0,0,0,0
6,M14866,M,296.0,304.8,1567,69.3,154,1,0,0,0,0,0
7,M14867,L,302.3,312.7,1587,15.5,75,0,0,0,0,0,0
8,M14868,H,301.2,314.8,1791,23.5,17,0,0,0,0,0,0
9,M14869,L,301.6,314.3,1281,69.9,221,1,1,0,0,1,0
10,M14870,M,299.5,312.8,1366,35.9,53,0,0,0,0,0,0
11,M14871,H,297.7,312.1,1273,52.6,43,0,0,0,0,0,0
12,M14872,H,302.3,308.9,1588,28.9,236,1,1,0,0,0,0
13,M14873,H,297.2,305.4,1257,26.0,8,0,0,0,0,0,0
14,M14874,M,299.0,304.7,1780,71.3,80,1,0,0,1,0,0
15,M14875,M,299.0,313.1,1669,20.0,35,0,0,0,0,0,0
16,M14876,L,302.4,312.8,1798,40.0,149,0,0,0,0,0,0
17,M14877,M,298.6,313.6,1341,45.7,23,0,0,0,0,0,0
18,M14878,L,303.6,310.1,1363,65.4,108,1,0,0,0,0,0
19,M14879,M,298.8,313.8,1741,27.6,141,0,0,0,0,0,0
20,M14880,L,301.8,307.9,1749,62.6,196,0,0,0,0,1,0
21,M14881,H,298.4,306.3,1361,41.8,244,1,1,0,0,0,0
22,M14882,H,297.6,307.6,1382,45.5,27,0,0,0,0,0,0
23,M14883,H,298.0,309.4,1403,20.7,195,0,0,0,0,0,0
24,M14884,L,300.4,313.2,1743,74.3,153,1,0,0,1,0,0
25,M14885,L,296.1,304.7,1514,26.8,61,0,0,0,0,0,0
26,M14886,H,304.5,310.4,1697,67.1,250,1,1,0,0,1,0
27,M14887,L,296.3,306.1,1762,21.6,135,0,0,0,0,0,0
28,M14888,H,299.2,306.3,1752,62.9,176,0,0,0,0,0,0
29,M14889,L,302.1,311.1,1582,40.7,132,0,0,0,0,0,0
30,M14890,M,296.2,303.4,1546,11.5,141,0,0,0,0,0,0
31,M14891,L,300.9,306.0,1260,26.0,231,1,1,0,0,0,1
32,M14892,M,295.7,303.1,1697,25.0,33,0,0,0,0,0,0
33,M14893,H,304.4,315.1,1684,27.0,121,1,0,1,0,0,0
34,M14894,L,295.9,307.5,1562,39.7,119,0,0,0,0,0,0
35,M14895,H,295.5,307.0,1300,14.2,186,0,0,0,0,0,0
36,M14896,M,303.0,309.1,1396,23.3,114,0,0,0,0,0,0
37,M14897,L,299.2,307.0,1455,71.2,19,1,0,0,1,0,0
38,M14898,H,296.0,307.5,1753,68.5,248,1,1,0,0,1,0
39,M14899,L,296.7,306.6,1418,70.5,231,1,1,0,1,1,0
40,M14900,M,295.0,303.9,1665,30.0,178,0,0,0,0,0,0
41,M14901,H,305.0,315.6,1698,20.8,75,1,0,1,0,0,0
42,M14902,L,300.8,311.2,1521,14.0,149,0,0,0,0,0,0
43,M14903,M,300.0,313.5,1361,14.0,130,0,0,0,0,0,0
44,M14904,L,303.5,309.2,1269,57.3,60,0,0,0,0,0,0
45,M14905,M,296.2,310.1,1452,50.5,10,0,0,0,0,0,0
46,M14906,H,295.8,307.4,1778,46.6,239,1,1,0,0,0,0
47,M14907,H,302.2,309.6,1605,19.2,165,0,0,0,0,0,0
48,M14908,M,299.6,313.9,1274,10.7,159,0,0,0,0,0,0
49,M14909,H,305.0,310.7,1418,45.4,33,0,0,0,0,0,0
50,M14910,M,303.8,317.6,1578,29.9,112,1,0,1,0,0,0
51,M14911,H,298.0,312.8,1741,10.5,209,0,0,0,0,0,0
52,M14912,H,298.0,309.6,1337,28.5,227,1,1,0,0,0,0
53,M14913,H,296.6,304.4,1415,60.2,52,0,0,0,0,0,0
54,M14914,H,301.3,308.9,1700,27.6,232,1,1,0,0,0,0
55,M14915,L,301.3,314.6,1245,10.2,197,1,0,0,0,0,0
56,M14916,M,296.6,306.0,1637,49.3,28,0,0,0,0,0,0
57,M14917,L,304.5,316.4,1352,48.2,213,1,0,1,0,0,0
58,M14918,H,296.5,302.8,1515,35.5,238,1,1,0,0,0,0
59,M14919,L,304.0,311.1,1455,56.7,90,0,0,0,0,0,0
60,M14920,H,303.8,312.9,1358,74.8,60,1,0,0,1,0,0
61,M14921,L,303.8,309.0,1540,64.8,105,0,0,0,0,0,0
62,M14922,H,303.6,316.7,1473,21.1,179,1,0,1,0,0,0
63,M14923,L,303.6,310.8,1671,34.5,210,0,0,0,0,0,0
64,M14924,L,297.2,308.8,1608,33.0,221,1,1,0,0,0,0
65,M14925,M,298.5,308.6,1749,33.2,7,0,0,0,0,0,0
66,M14926,L,303.8,311.4,1794,77.4,67,1,0,0,1,0,1
67,M14927,H,299.3,311.6,1521,40.5,130,0,0,0,0,0,0
68,M14928,L,298.9,309.7,1460,13.1,111,0,0,0,0,0,0
69,M14929,L,300.2,313.3,1401,35.5,17,0,0,0,0,0,0
70,M14930,H,304.2,315.4,1327,60.4,76,1,0,1,0,0,0
71,M14931,H,299.1,308.1,1502,48.8,49,0,0,0,0,0,0
72,M14932,M,301.6,310.4,1378,53.1,77,0,0,0,0,0,0
73,M14933,M,300.5,305.5,1493,24.7,201,0,0,0,0,0,0
74,M14934,H,301.1,309.3,1652,41.0,54,0,0,0,0,0,0
75,M14935,H,299.7,313.7,1373,56.1,72,0,0,0,0,0,0
76,M14936,H,301.6,312.8,1295,67.3,192,1,0,0,0,1,0
77,M14937,M,297.2,304.2,1225,13.2,121,1,0,0,0,0,0
78,M14938,L,299.6,313.5,1789,23.6,178,0,0,0,0,0,0
79,M14939,M,299.9,307.3,1205,72.5,220,1,0,0,1,1,0
80,M14940,L,302.8,310.0,1730,42.5,142,0,0,0,0,0,0
81,M14941,L,304.2,310.4,1336,66.1,170,1,0,0,0,0,0
82,M14942,H,301.0,315.5,1653,52.9,184,1,0,1,0,0,0
83,M14943,M,303.3,313.8,1362,62.1,121,0,0,0,0,0,0
84,M14944,M,297.6,305.1,1483,63.6,133,0,0,0,0,0,0
85,M14945,M,301.3,309.0,1279,59.9,60,0,0,0,0,0,0
86,M14946,M,298.4,312.3,1282,19.7,59,0,0,0,0,0,0
87,M14947,M,301.9,314.0,1265,39.0,84,0,0,0,0,0,0
88,M14948,H,299.7,305.3,1630,37.3,197,0,0,0,0,0,0
89,M14949,H,304.5,309.7,1789,36.6,1,0,0,0,0,0,0
90,M14950,M,298.0,306.9,1629,47.7,188,0,0,0,0,0,0
91,M14951,H,303.0,317.0,1699,25.4,111,1,0,1,0,0,0
92,M14952,M,298.4,310.2,1614,60.7,215,0,0,0,0,1,0
93,M14953,M,304.2,319.0,1746,11.9,100,1,0,1,0,0,0
94,M14954,H,295.3,306.7,1338,70.7,46,1,0,0,1,0,0
95,M14955,M,298.3,307.8,1545,63.3,97,0,0,0,0,0,0
96,M14956,M,302.5,315.8,1458,68.4,120,1,0,1,0,0,1
97,M14957,H,295.5,310.0,1429,55.5,199,0,0,0,0,0,0
98,M14958,H,295.4,300.7,1453,24.0,5,0,0,0,0,0,0
99,M14959,H,296.5,302.8,1317,49.5,55,0,0,0,0,0,0
100,M14960,M,302.0,314.7,1371,52.4,246,1,1,0,0,0,0
101,M14961,L,302.8,309.4,1518,17.6,6,0,0,0,0,0,0
102,M14962,M,300.8,314.9,1584,37.8,183,0,0,0,0,0,0
103,M14963,L,295.8,307.7,1448,17.1,197,0,0,0,0,0,0
104,M14964,M,303.5,314.5,1323,65.7,144,1,0,0,0,0,0
105,M14965,M,300.3,311.9,1270,45.4,87,0,0,0,0,0,0
106,M14966,L,303.5,316.7,1308,40.3,92,1,0,1,0,0,0
107,M14967,M,302.1,311.5,1734,77.6,69,1,0,0,1,0,0
108,M14968,H,302.7,312.3,1474,32.6,62,0,0,0,0,0,0
109,M14969,L,297.8,307.3,1675,49.9,171,0,0,0,0,0,0
110,M14970,M,298.4,308.3,1532,22.7,54,0,0,0,0,0,0
111,M14971,M,303.0,311.4,1482,48.9,132,0,0,0,0,0,0
112,M14972,L,295.9,308.1,1700,48.9,61,0,0,0,0,0,0
113,M14973,H,299.8,311.9,1658,65.5,23,1,0,0,0,0,0
114,M14974,M,301.9,310.0,1795,35.8,141,0,0,0,0,0,0
115,M14975,H,298.4,313.4,1763,33.2,179,0,0,0,0,0,0
116,M14976,M,297.7,305.2,1323,60.5,80,0,0,0,0,0,0
117,M14977,L,302.4,316.9,1389,23.4,189,1,0,1,0,0,0
118,M14978,H,300.9,313.5,1489,78.6,213,1,0,0,1,1,0
119,M14979,L,298.6,306.6,1746,18.9,11,0,0,0,0,0,0
120,M14980,L,300.5,312.5,1329,54.7,192,0,0,0,0,0,0
121,M14981,M,296.0,301.1,1491,42.9,112,0,0,0,0,0,0
122,M14982,M,296.8,302.3,1689,18.0,16,0,0,0,0,0,0
123,M14983,M,299.9,310.7,1254,20.6,207,0,0,0,0,0,0
124,M14984,H,304.5,310.4,1454,18.3,195,0,0,0,0,0,0
125,M14985,M,301.1,314.0,1431,64.3,97,0,0,0,0,0,0
126,M14986,M,304.1,312.1,1639,31.4,158,0,0,0,0,0,0
127,M14987,L,301.1,313.5,1412,53.8,67,0,0,0,0,0,0
128,M14988,H,295.8,303.2,1765,15.3,0,0,0,0,0,0,0
129,M14989,M,299.5,310.4,1498,12.3,73,0,0,0,0,0,0
130,M14990,H,297.8,311.4,1272,58.1,236,1,1,0,0,0,0
131,M14991,H,300.9,313.9,1402,39.8,139,0,0,0,0,0,0
132,M14992,L,301.5,315.6,1345,15.0,42,1,0,1,0,0,0
133,M14993,H,302.5,313.2,1495,40.7,119,0,0,0,0,0,0
134,M14994,H,298.0,307.0,1478,45.0,126,0,0,0,0,0,0
135,M14995,M,295.8,301.2,1642,61.4,154,0,0,0,0,0,0
136,M14996,M,295.3,302.6,1789,51.1,5,0,0,0,0,0,0
137,M14997,H,303.2,314.0,1379,42.9,166,0,0,0,0,0,0
138,M14998,M,304.2,311.0,1799,40.5,208,0,0,0,0,0,0
139,M14999,M,304.7,314.4,1618,33.3,171,0,0,0,0,0,0
140,M15000,L,303.6,311.9,1707,30.2,241,1,1,0,0,0,0
141,M15001,H,295.4,301.3,1458,32.6,248,1,1,0,0,0,0
142,M15002,H,303.2,308.2,1755,42.3,13,0,0,0,0,0,0
143,M15003,L,300.2,311.4,1710,53.8,194,0,0,0,0,0,0
144,M15004,L,297.0,307.5,1494,40.7,178,0,0,0,0,0,0
145,M15005,M,296.2,310.9,1445,59.7,79,0,0,0,0,0,0
146,M15006,H,295.1,304.2,1430,79.5,233,1,1,0,1,1,0
147,M15007,L,301.5,308.0,1498,45.6,69,0,0,0,0,0,0
148,M15008,M,303.3,318.1,1449,42.0,37,1,0,1,0,0,0
149,M15009,H,300.1,313.9,1271,29.3,202,0,0,0,0,0,0
150,M15010,M,298.4,311.3,1473,67.4,72,1,0,0,0,0,0
151,M15011,H,300.8,312.4,1352,41.3,123,0,0,0,0,0,0
152,M15012,M,298.3,310.9,1586,41.9,82,0,0,0,0,0,0
153,M15013,L,304.8,312.2,1592,26.3,198,0,0,0,0,0,0
154,M15014,M,295.4,307.8,1590,37.0,169,0,0,0,0,0,0
155,M15015,H,304.8,314.8,1237,18.8,247,1,1,0,0,0,0
156,M15016,L,303.7,313.1,1738,73.7,3,1,0,0,1,0,0
157,M15017,M,303.7,318.4,1276,42.9,248,1,1,1,0,0,0
158,M15018,H,301.9,313.4,1536,69.7,219,1,0,0,0,1,0
159,M15019,M,301.3,315.2,1699,71.1,9,1,0,1,1,0,0
160,M15020,L,301.3,315.5,1432,62.3,111,1,0,1,0,0,0
161,M15021,H,302.0,308.0,1370,58.6,231,1,1,0,0,0,1
162,M15022,M,303.0,310.9,1583,40.1,62,0,0,0,0,0,0
163,M15023,H,299.1,310.9,1384,21.9,20,0,0,0,0,0,0
164,M15024,H,303.7,314.9,1446,44.8,149,0,0,0,0,0,0
165,M15025,L,297.3,308.7,1670,27.9,2,0,0,0,0,0,0
166,M15026,M,304.0,315.8,1361,15.2,241,1,1,1,0,0,0
167,M15027,H,298.0,312.6,1456,42.0,77,0,0,0,0,0,0
168,M15028,L,305.0,318.5,1309,26.6,146,1,0,1,0,0,0
169,M15029,M,304.9,312.9,1605,29.2,144,0,0,0,0,0,0
170,M15030,H,302.8,317.5,1708,68.3,231,1,1,1,0,1,0
171,M15031,L,301.1,309.6,1394,53.5,173,0,0,0,0,0,0
172,M15032,H,302.7,314.5,1340,54.0,231,1,1,0,0,0,0
173,M15033,L,298.1,307.5,1793,35.5,33,0,0,0,0,0,0
174,M15034,L,304.1,312.4,1625,22.3,33,0,0,0,0,0,0
175,M15035,H,303.8,312.5,1713,73.9,212,1,0,0,1,1,0
176,M15036,M,304.7,312.7,1546,66.3,119,1,0,0,0,0,0
177,M15037,L,302.5,309.8,1606,77.7,205,1,0,0,1,1,0
178,M15038,L,302.9,308.0,1749,18.7,94,0,0,0,0,0,0
179,M15039,H,302.5,310.1,1590,67.6,240,1,1,0,0,1,0
180,M15040,H,297.3,302.6,1774,33.0,156,0,0,0,0,0,0
181,M15041,L,301.5,312.9,1675,73.7,77,1,0,0,1,0,0
182,M15042,L,296.4,310.9,1511,79.7,29,1,0,0,1,0,0
183,M15043,H,296.4,305.9,1753,39.3,190,0,0,0,0,0,0
184,M15044,H,296.5,305.6,1301,68.4,157,1,0,0,0,0,0
185,M15045,M,295.3,304.0,1654,41.1,60,0,0,0,0,0,0
186,M15046,M,296.0,307.9,1757,73.1,165,1,0,0,1,0,0
187,M15047,M,297.8,312.5,1665,16.4,54,0,0,0,0,0,0
188,M15048,H,301.4,316.1,1251,65.1,62,1,0,1,0,0,0
189,M15049,H,297.1,310.4,1767,24.5,55,0,0,0,0,0,0
190,M15050,L,298.3,304.8,1202,29.4,37,1,0,0,0,0,0
191,M15051,H,297.5,304.2,1226,19.2,91,1,0,0,0,0,0
192,M15052,L,300.9,306.1,1471,13.7,189,0,0,0,0,0,0
193,M15053,M,300.3,312.8,1687,41.4,92,0,0,0,0,0,0
194,M15054,H,300.9,310.4,1426,76.2,11,1,0,0,1,0,0
195,M15055,H,300.2,309.8,1231,14.3,122,1,0,0,0,0,0
196,M15056,M,301.9,311.8,1654,15.1,20,0,0,0,0,0,0
197,M15057,M,301.1,306.8,1481,53.7,149,0,0,0,0,0,0
198,M15058,H,302.1,310.9,1743,30.6,129,0,0,0,0,0,0
199,M15059,H,299.3,312.2,1317,69.7,166,1,0,0,0,0,0
200,M15060,H,302.2,309.4,1662,72.2,105,1,0,0,1,0,0
201,M15061,M,299.0,311.3,1520,39.9,170,0,0,0,0,0,0
202,M15062,M,298.7,305.2,1685,14.7,212,0,0,0,0,0,0
203,M15063,L,295.9,301.9,1581,66.8,142,1,0,0,0,0,0
204,M15064,H,300.6,312.3,1620,34.8,170,0,0,0,0,0,0
205,M15065,M,303.7,315.9,1494,52.0,90,1,0,1,0,0,0
206,M15066,H,297.1,308.7,1429,69.3,89,1,0,0,0,0,0
207,M15067,M,296.1,303.9,1431,66.5,216,1,0,0,0,1,0
208,M15068,H,301.1,312.5,1226,52.6,168,1,0,0,0,0,0
209,M15069,M,295.3,303.0,1516,74.5,89,1,0,0,1,0,1
210,M15070,L,300.7,309.7,1345,61.9,248,1,1,0,0,1,1
211,M15071,H,300.3,309.1,1664,33.9,94,0,0,0,0,0,0
212,M15072,M,302.2,315.0,1781,51.7,226,1,1,0,0,0,0
213,M15073,L,302.5,308.0,1283,29.0,169,0,0,0,0,0,0
214,M15074,M,299.9,309.3,1479,25.1,131,0,0,0,0,0,0
215,M15075,L,298.5,304.6,1698,46.9,78,0,0,0,0,0,0
216,M15076,L,297.2,312.0,1256,10.5,77,0,0,0,0,0,0
217,M15077,L,302.7,315.3,1496,33.0,1,1,0,1,0,0,0
218,M15078,M,296.8,305.6,1435,45.0,213,0,0,0,0,0,0
219,M15079,H,303.1,308.8,1243,40.5,117,1,0,0,0,0,0
220,M15080,M,300.8,311.5,1627,30.3,103,0,0,0,0,0,0
221,M15081,L,304.7,311.4,1671,68.2,235,1,1,0,0,1,0
222,M15082,M,303.4,310.8,1610,46.7,101,0,0,0,0,0,0
223,M15083,M,302.5,309.7,1372,15.3,162,0,0,0,0,0,0
224,M15084,L,300.3,307.2,1557,34.6,245,1,1,0,0,0,0
225,M15085,L,297.4,303.9,1402,22.1,39,0,0,0,0,0,0
226,M15086,H,295.8,310.3,1705,42.5,144,0,0,0,0,0,0
227,M15087,H,299.5,313.7,1778,55.0,159,0,0,0,0,0,0
228,M15088,M,303.6,314.9,1354,40.8,120,0,0,0,0,0,0
229,M15089,M,301.3,314.3,1257,34.6,18,0,0,0,0,0,0
230,M15090,M,299.6,305.0,1577,68.2,19,1,0,0,0,0,0
231,M15091,L,301.2,311.3,1673,50.6,244,1,1,0,0,0,0
232,M15092,L,299.5,312.6,1392,32.5,121,0,0,0,0,0,0
233,M15093,H,296.5,302.1,1305,66.8,214,1,0,0,0,1,0
234,M15094,H,295.8,307.3,1240,27.3,112,1,0,0,0,0,0
235,M15095,H,300.2,306.8,1581,74.3,99,1,0,0,1,0,0
236,M15096,M,301.8,307.3,1542,14.6,24,0,0,0,0,0,0
237,M15097,H,301.8,309.6,1353,33.3,149,0,0,0,0,0,0
238,M15098,H,296.4,304.9,1601,19.0,181,0,0,0,0,0,0
239,M15099,L,298.1,306.9,1536,66.9,171,1,0,0,0,0,0
240,M15100,H,305.0,319.1,1295,55.2,108,1,0,1,0,0,0
241,M15101,L,298.6,305.4,1419,33.9,196,0,0,0,0,0,0
242,M15102,M,296.9,311.9,1358,15.4,216,0,0,0,0,0,0
243,M15103,L,300.1,310.5,1739,12.6,86,0,0,0,0,0,0
244,M15104,H,296.3,305.1,1366,22.7,177,0,0,0,0,0,0
245,M15105,H,303.1,309.8,1648,13.1,93,0,0,0,0,0,0
246,M15106,H,302.2,316.9,1491,62.7,200,1,0,1,0,1,0
247,M15107,H,297.4,312.1,1680,73.3,49,1,0,0,1,0,0
248,M15108,H,304.8,314.4,1488,64.5,128,0,0,0,0,0,0
249,M15109,H,299.2,305.8,1404,66.1,35,1,0,0,0,0,0
250,M15110,L,301.4,315.1,1767,75.4,182,1,0,1,1,1,0
251,M15111,L,297.9,310.5,1479,41.5,131,0,0,0,0,0,0
252,M15112,L,303.3,309.2,1427,67.2,226,1,1,0,0,1,0
253,M15113,L,299.1,308.1,1582,26.5,20,0,0,0,0,0,0
254,M15114,M,297.2,305.4,1301,68.7,166,1,0,0,0,0,0
255,M15115,L,296.4,304.3,1683,58.7,35,0,0,0,0,0,0
256,M15116,H,299.7,310.9,1281,11.3,55,0,0,0,0,0,0
257,M15117,L,300.5,312.8,1740,39.6,198,0,0,0,0,0,0
258,M15118,M,297.4,303.6,1444,39.4,203,0,0,0,0,0,0
259,M15119,H,299.6,305.7,1711,51.8,4,0,0,0,0,0,0
260,M15120,H,300.2,307.6,1347,30.4,0,0,0,0,0,0,0
261,M15121,H,298.5,309.2,1391,56.5,21,0,0,0,0,0,0
262,M15122,H,304.7,310.4,1738,48.1,201,0,0,0,0,0,0
263,M15123,H,300.5,309.4,1681,13.0,99,0,0,0,0,0,0
264,M15124,M,297.5,302.7,1269,34.1,187,0,0,0,0,0,0
265,M15125,H,301.3,314.0,1540,19.3,90,0,0,0,0,0,0
266,M15126,H,298.4,309.8,1675,78.7,122,1,0,0,1,0,0
267,M15127,L,295.6,308.4,1668,12.6,51,0,0,0,0,0,0
268,M15128,L,302.9,316.8,1523,75.3,131,1,0,1,1,0,0
269,M15129,H,299.7,305.1,1395,30.0,220,0,0,0,0,0,0
270,M15130,L,303.7,312.0,1327,66.0,111,1,0,0,0,0,0
271,M15131,H,299.4,314.0,1547,78.2,127,1,0,0,1,0,0
272,M15132,M,304.2,314.4,1284,60.9,20,0,0,0,0,0,0
273,M15133,M,301.0,314.2,1758,30.6,26,0,0,0,0,0,0
274,M15134,L,298.3,306.3,1656,52.2,109,0,0,0,0,0,0
275,M15135,L,301.9,310.4,1243,60.9,233,1,1,0,0,1,0
276,M15136,M,297.7,312.5,1258,15.3,163,0,0,0,0,0,0
277,M15137,M,298.6,311.6,1363,76.7,36,1,0,0,1,0,0
278,M15138,H,302.8,308.1,1268,26.5,165,0,0,0,0,0,0
279,M15139,M,298.6,313.1,1233,52.4,173,1,0,0,0,0,0
280,M15140,M,298.7,311.3,1787,19.6,93,0,0,0,0,0,0
281,M15141,M,298.1,305.9,1316,11.8,47,0,0,0,0,0,0
282,M15142,M,300.2,314.3,1320,28.3,66,0,0,0,0,0,0
283,M15143,H,299.5,314.5,1492,58.6,125,0,0,0,0,0,0
284,M15144,L,296.2,309.7,1662,22.1,182,0,0,0,0,0,0
285,M15145,M,305.0,318.1,1527,56.7,181,1,0,1,0,0,0
286,M15146,H,297.9,305.9,1361,59.8,237,1,1,0,0,0,0
287,M15147,L,302.9,313.0,1324,79.0,202,1,0,0,1,1,0
288,M15148,M,295.3,305.8,1577,42.7,141,0,0,0,0,0,0
289,M15149,L,301.1,307.0,1516,37.9,183,0,0,0,0,0,0
290,M15150,H,299.8,308.9,1619,67.6,18,1,0,0,0,0,0
291,M15151,M,301.4,310.9,1729,34.1,224,1,1,0,0,0,0
292,M15152,H,301.4,308.2,1332,40.3,233,1,1,0,0,0,0
293,M15153,L,300.2,308.2,1365,32.6,181,0,0,0,0,0,0
294,M15154,L,298.5,312.9,1490,69.2,64,1,0,0,0,0,0
295,M15155,H,297.7,309.0,1746,16.5,164,0,0,0,0,0,0
296,M15156,L,300.9,311.7,1375,56.1,184,0,0,0,0,0,0
297,M15157,H,298.4,312.6,1242,67.8,7,1,0,0,0,0,0
298,M15158,H,302.7,310.3,1415,63.7,106,0,0,0,0,0,0
299,M15159,H,301.4,311.4,1758,30.3,244,1,1,0,0,0,0
300,M15160,L,303.0,314.8,1504,41.7,176,0,0,0,0,0,0
301,M15161,L,296.6,305.8,1675,24.3,155,0,0,0,0,0,0
302,M15162,L,298.1,310.3,1553,78.3,33,1,0,0,1,0,0
303,M15163,H,300.6,308.8,1677,18.6,115,0,0,0,0,0,0
304,M15164,L,296.4,301.9,1593,70.5,107,1,0,0,1,0,0
305,M15165,L,303.1,317.4,1520,23.3,40,1,0,1,0,0,0
306,M15166,H,299.7,313.5,1709,11.6,241,1,1,0,0,0,0
307,M15167,M,304.7,311.9,1561,13.4,72,0,0,0,0,0,0
308,M15168,M,301.0,314.4,1681,30.0,2,0,0,0,0,0,0
309,M15169,L,299.3,313.1,1574,63.5,93,0,0,0,0,0,0
310,M15170,L,299.0,309.7,1399,35.4,73,0,0,0,0,0,0
311,M15171,L,298.9,308.4,1763,29.6,159,0,0,0,0,0,0
312,M15172,H,301.1,307.4,1299,37.6,203,0,0,0,0,0,0
313,M15173,M,300.6,309.3,1347,23.9,130,0,0,0,0,0,0
314,M15174,M,300.0,305.5,1340,60.0,205,0,0,0,0,0,0
315,M15175,M,300.2,306.7,1727,19.8,238,1,1,0,0,0,0
316,M15176,L,298.9,310.1,1506,51.6,129,0,0,0,0,0,0
317,M15177,H,300.3,312.4,1506,43.2,4,0,0,0,0,0,0
318,M15178,M,298.3,304.4,1626,50.9,203,0,0,0,0,0,0
319,M15179,H,303.7,315.0,1685,28.6,167,0,0,0,0,0,0
320,M15180,H,300.8,313.0,1797,43.6,134,0,0,0,0,0,0
321,M15181,H,302.2,314.9,1589,20.3,174,0,0,0,0,0,0
322,M15182,L,295.3,309.8,1312,23.4,112,0,0,0,0,0,0
323,M15183,M,299.2,308.3,1408,38.7,198,0,0,0,0,0,0
324,M15184,H,304.2,317.9,1263,59.4,132,1,0,1,0,0,0
325,M15185,M,305.0,314.8,1585,32.0,44,0,0,0,0,0,0
326,M15186,M,304.1,312.5,1562,57.3,222,1,1,0,0,0,0
327,M15187,H,303.0,310.6,1695,23.5,63,0,0,0,0,0,0
328,M15188,M,300.6,307.8,1504,64.0,180,0,0,0,0,0,0
329,M15189,L,301.9,311.8,1691,34.4,239,1,1,0,0,0,0
330,M15190,H,297.7,303.9,1756,36.6,250,1,1,0,0,0,0
331,M15191,M,304.5,317.5,1497,12.9,244,1,1,1,0,0,0
332,M15192,M,304.2,315.8,1690,25.0,211,1,0,1,0,0,0
333,M15193,H,302.0,308.4,1800,26.7,12,0,0,0,0,0,0
334,M15194,H,304.1,311.4,1438,13.7,105,0,0,0,0,0,0
335,M15195,M,302.2,308.2,1340,10.4,140,0,0,0,0,0,0
336,M15196,L,299.1,313.5,1687,43.4,51,0,0,0,0,0,0
337,M15197,M,298.2,309.7,1291,55.7,59,0,0,0,0,0,0
338,M15198,H,302.4,315.9,1238,73.9,44,1,0,1,1,0,0
339,M15199,L,304.3,309.7,1606,65.2,47,1,0,0,0,0,0
340,M15200,M,303.8,308.9,1781,52.2,237,1,1,0,0,0,0
341,M15201,M,299.5,310.9,1736,44.6,240,1,1,0,0,0,0
342,M15202,H,299.7,306.6,1315,33.1,187,0,0,0,0,0,0
343,M15203,M,301.5,313.7,1214,61.6,202,1,0,0,0,1,0
344,M15204,H,302.6,309.4,1615,67.9,131,1,0,0,0,0,0
345,M15205,M,301.7,308.5,1343,43.4,239,1,1,0,0,0,0
346,M15206,M,298.8,308.3,1473,76.8,77,1,0,0,1,0,0
347,M15207,H,295.1,306.6,1441,14.3,30,0,0,0,0,0,0
348,M15208,M,298.1,307.2,1714,74.6,227,1,1,0,1,1,0
349,M15209,M,301.9,313.3,1502,35.7,56,0,0,0,0,0,0
350,M15210,L,304.6,314.4,1665,62.3,155,0,0,0,0,0,0
351,M15211,M,299.2,309.7,1682,63.0,205,0,0,0,0,1,0
352,M15212,H,303.3,315.9,1283,46.8,135,1,0,1,0,0,0
353,M15213,L,304.2,310.3,1760,73.2,51,1,0,0,1,0,0
354,M15214,L,296.6,310.1,1652,18.1,52,0,0,0,0,0,0
355,M15215,H,300.8,306.7,1722,41.2,14,0,0,0,0,0,0
356,M15216,M,296.3,305.5,1777,14.0,118,0,0,0,0,0,0
357,M15217,H,303.1,315.3,1605,27.8,0,1,0,1,0,0,0
358,M15218,H,295.7,304.9,1265,47.9,15,0,0,0,0,0,0
359,M15219,L,304.9,314.6,1493,38.6,196,0,0,0,0,0,0
360,M15220,L,302.7,317.5,1630,36.2,228,1,1,1,0,0,0
361,M15221,M,298.8,310.6,1752,19.3,220,0,0,0,0,0,0
362,M15222,M,296.2,311.1,1602,47.0,186,0,0,0,0,0,0
363,M15223,L,303.3,315.9,1505,42.4,184,1,0,1,0,0,0
364,M15224,H,298.8,306.1,1671,34.2,70,0,0,0,0,0,0
365,M15225,L,304.4,316.7,1315,12.3,169,1,0,1,0,0,0
366,M15226,L,297.4,303.1,1234,41.3,172,1,0,0,0,0,0
367,M15227,L,297.4,302.8,1649,26.4,55,0,0,0,0,0,0
368,M15228,L,296.4,311.3,1439,67.1,187,1,0,0,0,1,0
369,M15229,H,301.0,312.7,1528,26.6,224,1,1,0,0,0,0
370,M15230,H,300.2,309.3,1481,14.3,242,1,1,0,0,0,0
371,M15231,H,304.1,315.4,1637,48.9,12,1,0,1,0,0,0
372,M15232,H,301.7,314.6,1526,58.7,104,0,0,0,0,0,0
373,M15233,L,298.0,304.8,1750,43.1,217,0,0,0,0,0,0
374,M15234,L,298.0,310.1,1674,74.0,143,1,0,0,1,0,0
375,M15235,M,300.6,306.9,1448,27.8,84,0,0,0,0,0,0
376,M15236,H,295.8,305.3,1579,16.5,185,0,0,0,0,0,0
377,M15237,L,295.5,304.3,1240,71.2,48,1,0,0,1,0,0
378,M15238,H,302.2,312.8,1690,24.6,232,1,1,0,0,0,0
379,M15239,L,297.1,304.0,1320,62.3,193,0,0,0,0,1,0
380,M15240,M,304.1,316.1,1409,37.8,61,1,0,1,0,0,0
381,M15241,M,298.8,309.1,1567,31.6,92,0,0,0,0,0,0
382,M15242,H,303.8,313.5,1680,63.3,81,0,0,0,0,0,0
383,M15243,L,298.7,307.8,1776,70.5,189,1,0,0,1,1,0
384,M15244,M,300.5,311.3,1627,30.7,50,0,0,0,0,0,0
385,M15245,M,297.3,308.0,1451,45.0,167,0,0,0,0,0,0
386,M15246,H,298.4,311.0,1700,77.7,164,1,0,0,1,0,0
387,M15247,M,296.7,309.6,1373,19.8,139,0,0,0,0,0,0
388,M15248,M,296.8,310.7,1260,46.7,214,0,0,0,0,0,0
389,M15249,L,304.5,316.2,1206,38.9,215,1,0,1,0,0,0
390,M15250,L,302.1,307.2,1717,41.9,15,0,0,0,0,0,0
391,M15251,H,301.4,315.7,1694,56.1,4,1,0,1,0,0,1
392,M15252,H,299.1,304.3,1481,47.5,73,0,0,0,0,0,0
393,M15253,L,300.0,312.0,1640,66.4,232,1,1,0,0,1,0
394,M15254,L,300.2,307.6,1739,27.7,90,0,0,0,0,0,0
395,M15255,M,302.9,308.7,1615,42.1,62,0,0,0,0,0,0
396,M15256,H,297.3,309.1,1282,55.8,219,0,0,0,0,0,0
397,M15257,H,302.6,308.5,1588,36.4,121,0,0,0,0,0,0
398,M15258,L,301.4,313.4,1284,45.0,111,0,0,0,0,0,0
399,M15259,H,302.8,313.5,1297,72.6,235,1,1,0,1,1,1
400,M15260,L,304.0,315.9,1780,43.3,11,1,0,1,0,0,0
401,M15261,H,304.3,318.3,1777,56.1,45,1,0,1,0,0,0
402,M15262,M,295.2,302.3,1347,62.7,182,0,0,0,0,1,0
403,M15263,M,304.3,312.3,1777,26.8,213,0,0,0,0,0,0
404,M15264,M,301.8,312.2,1593,62.9,35,0,0,0,0,0,0
405,M15265,H,302.2,312.2,1554,13.8,111,0,0,0,0,0,0
406,M15266,L,303.4,311.8,1606,77.8,83,1,0,0,1,0,1
407,M15267,M,302.8,312.3,1433,34.9,240,1,1,0,0,0,0
408,M15268,L,301.8,313.4,1287,64.1,75,0,0,0,0,0,0
409,M15269,L,302.1,307.9,1357,36.6,200,0,0,0,0,0,0
410,M15270,H,296.5,305.4,1569,17.5,1,0,0,0,0,0,0
411,M15271,M,299.4,312.0,1304,19.3,47,0,0,0,0,0,0
412,M15272,M,299.5,310.0,1617,17.2,22,0,0,0,0,0,0
413,M15273,M,300.5,311.5,1532,70.5,3,1,0,0,1,0,0
414,M15274,M,302.8,315.0,1772,73.4,250,1,1,0,1,1,0
415,M15275,H,296.7,305.5,1342,28.8,68,0,0,0,0,0,0
416,M15276,M,296.5,303.2,1482,39.5,123,0,0,0,0,0,0
417,M15277,L,298.6,313.0,1707,51.6,50,0,0,0,0,0,0
418,M15278,M,296.1,304.1,1605,33.3,158,0,0,0,0,0,0
419,M15279,M,303.0,311.3,1542,40.1,210,0,0,0,0,0,0
420,M15280,H,304.7,311.1,1528,52.2,177,0,0,0,0,0,0
421,M15281,L,299.8,306.6,1607,77.8,74,1,0,0,1,0,0
422,M15282,H,299.9,310.7,1448,32.8,71,0,0,0,0,0,0
423,M15283,M,298.7,313.0,1404,51.5,139,0,0,0,0,0,0
424,M15284,L,301.8,312.3,1672,76.0,53,1,0,0,1,0,0
425,M15285,M,303.3,309.0,1618,57.1,35,0,0,0,0,0,0
426,M15286,H,298.0,305.5,1357,60.1,202,0,0,0,0,1,0
427,M15287,M,295.7,310.6,1690,50.8,136,0,0,0,0,0,0
428,M15288,H,304.2,317.9,1628,48.1,202,1,0,1,0,0,0
429,M15289,H,304.0,314.4,1287,17.7,63,0,0,0,0,0,0
430,M15290,H,301.6,308.3,1245,49.4,165,1,0,0,0,0,0
431,M15291,M,304.7,313.0,1640,17.4,25,0,0,0,0,0,0
432,M15292,M,297.2,309.7,1771,50.6,147,0,0,0,0,0,0
433,M15293,L,299.5,308.4,1712,20.6,6,0,0,0,0,0,0
434,M15294,M,296.0,305.2,1287,18.1,240,1,1,0,0,0,0
435,M15295,M,298.1,307.7,1411,46.5,89,0,0,0,0,0,0
436,M15296,M,296.0,308.2,1663,32.3,76,0,0,0,0,0,0
437,M15297,L,303.1,309.3,1551,55.4,173,0,0,0,0,0,0
438,M15298,L,304.3,316.7,1728,22.2,40,1,0,1,0,0,0
439,M15299,M,304.6,311.9,1614,54.1,47,0,0,0,0,0,0
440,M15300,H,301.6,310.6,1402,41.5,109,0,0,0,0,0,0
441,M15301,M,295.0,302.1,1485,62.7,207,0,0,0,0,1,0
442,M15302,L,300.8,313.8,1749,23.1,83,0,0,0,0,0,0
443,M15303,L,299.6,307.2,1701,46.9,163,0,0,0,0,0,0
444,M15304,M,301.0,312.1,1316,34.4,216,0,0,0,0,0,0
445,M15305,M,301.2,314.3,1504,74.3,151,1,0,0,1,0,0
446,M15306,L,298.1,305.5,1319,22.8,177,0,0,0,0,0,0
447,M15307,L,300.1,309.3,1341,50.2,108,0,0,0,0,0,0
448,M15308,L,299.9,310.3,1377,48.8,125,0,0,0,0,0,0
449,M15309,M,296.4,304.5,1661,53.4,221,1,1,0,0,0,0
450,M15310,L,299.8,306.8,1593,77.5,129,1,0,0,1,0,0
451,M15311,M,301.8,311.0,1654,44.2,21,0,0,0,0,0,0
452,M15312,H,295.3,307.9,1499,12.3,57,0,0,0,0,0,0
453,M15313,H,297.9,310.7,1779,62.0,196,0,0,0,0,1,0
454,M15314,M,300.5,306.6,1316,28.8,139,0,0,0,0,0,0
455,M15315,M,300.4,313.0,1651,48.2,108,0,0,0,0,0,0
456,M15316,L,302.4,313.9,1453,30.8,8,0,0,0,0,0,0
457,M15317,M,297.6,311.2,1289,40.7,30,0,0,0,0,0,0
458,M15318,L,297.1,309.5,1559,70.3,156,1,0,0,1,0,0
459,M15319,L,301.2,314.0,1411,66.4,145,1,0,0,0,0,0
460,M15320,M,301.0,307.7,1499,30.3,68,0,0,0,0,0,0
461,M15321,H,304.9,316.7,1297,19.5,192,1,0,1,0,0,0
462,M15322,L,304.9,318.6,1329,59.1,33,1,0,1,0,0,0
463,M15323,H,298.2,305.7,1602,44.3,147,0,0,0,0,0,0
464,M15324,H,297.7,306.8,1662,15.3,203,0,0,0,0,0,0
465,M15325,L,299.0,311.5,1577,41.8,124,0,0,0,0,0,0
466,M15326,M,300.8,314.5,1295,61.2,117,0,0,0,0,0,0
467,M15327,H,301.6,310.2,1264,65.7,101,1,0,0,0,0,0
468,M15328,M,303.2,313.1,1530,68.0,86,1,0,0,0,0,0
469,M15329,L,300.7,310.6,1551,72.6,195,1,0,0,1,1,1
470,M15330,L,301.3,314.7,1216,18.7,219,1,0,0,0,0,0
471,M15331,M,295.0,309.6,1407,79.7,232,1,1,0,1,1,0
472,M15332,H,298.0,311.7,1480,16.5,92,0,0,0,0,0,0
473,M15333,M,295.8,307.4,1369,13.6,160,0,0,0,0,0,0
474,M15334,M,302.3,314.9,1639,55.9,180,0,0,0,0,0,0
475,M15335,L,295.0,304.8,1335,51.6,132,0,0,0,0,0,0
476,M15336,H,299.5,304.6,1551,67.2,220,1,0,0,0,1,0
477,M15337,L,299.8,307.1,1291,61.2,26,0,0,0,0,0,0
478,M15338,L,298.1,311.9,1340,36.8,208,0,0,0,0,0,0
479,M15339,L,301.4,313.2,1270,47.1,2,0,0,0,0,0,0
480,M15340,H,301.5,310.9,1418,54.0,38,0,0,0,0,0,0
481,M15341,M,301.2,310.6,1422,16.1,25,0,0,0,0,0,0
482,M15342,L,302.5,313.4,1593,34.6,109,0,0,0,0,0,0
483,M15343,M,302.9,310.4,1286,27.4,153,0,0,0,0,0,0
484,M15344,H,302.2,310.0,1227,69.4,168,1,0,0,0,0,0
485,M15345,L,300.2,310.3,1601,30.7,13,0,0,0,0,0,0
486,M15346,L,299.9,306.0,1711,54.7,18,0,0,0,0,0,0
487,M15347,H,303.9,309.0,1569,75.4,33,1,0,0,1,0,0
488,M15348,H,299.2,309.7,1376,63.4,244,1,1,0,0,1,0
489,M15349,L,295.2,300.9,1468,25.1,236,1,1,0,0,0,0
490,M15350,M,300.1,311.4,1713,63.7,108,0,0,0,0,0,0
491,M15351,H,299.0,310.4,1750,53.1,71,0,0,0,0,0,0
492,M15352,L,298.1,308.2,1408,78.2,39,1,0,0,1,0,0
493,M15353,M,300.9,313.5,1267,31.7,111,0,0,0,0,0,0
494,M15354,H,304.5,311.9,1450,16.0,111,0,0,0,0,0,0
495,M15355,L,299.5,310.6,1516,56.6,168,0,0,0,0,0,0
496,M15356,H,296.8,301.9,1340,59.1,41,0,0,0,0,0,0
497,M15357,M,304.5,314.7,1465,21.7,32,0,0,0,0,0,0
498,M15358,H,302.8,310.5,1320,64.0,7,0,0,0,0,0,0
499,M15359,M,303.1,310.8,1265,28.4,249,1,1,0,0,0,0
500,M15360,L,300.0,310.1,1256,45.0,145,0,0,0,0,0,0
501,M15361,L,298.7,306.3,1305,72.6,172,1,0,0,1,0,0
502,M15362,L,302.4,307.4,1212,27.1,120,1,0,0,0,0,0
503,M15363,L,296.8,311.4,1236,48.7,233,1,1,0,0,0,0
504,M15364,H,299.2,307.4,1626,74.1,81,1,0,0,1,0,0
505,M15365,L,300.7,306.9,1253,22.6,205,0,0,0,0,0,0
506,M15366,H,304.8,319.3,1270,71.4,221,1,1,1,1,1,0
507,M15367,M,298.3,308.8,1208,35.8,74,1,0,0,0,0,0
508,M15368,M,302.4,309.8,1577,51.4,126,0,0,0,0,0,0
509,M15369,L,302.3,312.8,1451,20.5,238,1,1,0,0,0,0
510,M15370,L,300.4,311.8,1209,76.6,0,1,0,0,1,0,0
511,M15371,M,303.5,315.8,1306,24.4,60,1,0,1,0,0,0
512,M15372,L,304.7,311.1,1486,16.5,235,1,1,0,0,0,0
513,M15373,H,299.1,313.1,1669,78.2,21,1,0,0,1,0,0
514,M15374,H,296.3,309.5,1276,51.4,15,0,0,0,0,0,0
515,M15375,M,301.6,307.9,1498,28.3,80,0,0,0,0,0,0
516,M15376,M,302.0,314.4,1525,41.7,59,0,0,0,0,0,0
517,M15377,L,304.4,310.8,1798,17.6,27,0,0,0,0,0,0
518,M15378,L,299.5,307.6,1323,47.5,246,1,1,0,0,0,0
519,M15379,M,298.1,305.8,1322,16.3,206,0,0,0,0,0,0
520,M15380,H,298.0,310.0,1241,25.1,219,1,0,0,0,0,0
521,M15381,L,302.1,316.8,1605,45.9,173,1,0,1,0,0,0
522,M15382,L,295.3,304.3,1663,48.9,140,0,0,0,0,0,0
523,M15383,L,295.9,301.9,1343,18.5,15,0,0,0,0,0,0
524,M15384,L,296.3,309.5,1581,58.0,240,1,1,0,0,0,0
525,M15385,H,300.9,315.1,1276,11.5,16,1,0,1,0,0,0
526,M15386,H,299.4,305.7,1539,18.6,241,1,1,0,0,0,0
527,M15387,L,304.2,313.5,1604,44.7,97,0,0,0,0,0,0
528,M15388,H,299.3,307.8,1391,29.2,114,0,0,0,0,0,0
529,M15389,L,295.3,306.5,1451,55.3,127,0,0,0,0,0,0
530,M15390,M,303.8,313.6,1289,29.6,35,0,0,0,0,0,0
531,M15391,M,297.0,310.8,1738,27.4,205,0,0,0,0,0,0
532,M15392,H,302.9,317.8,1567,43.6,200,1,0,1,0,0,0
533,M15393,H,300.0,308.9,1384,11.8,152,0,0,0,0,0,0
534,M15394,L,295.3,308.4,1487,14.1,120,0,0,0,0,0,0
535,M15395,H,298.6,309.4,1438,78.2,25,1,0,0,1,0,0
536,M15396,L,297.7,310.9,1257,63.5,242,1,1,0,0,1,0
537,M15397,M,298.5,311.9,1377,22.3,151,0,0,0,0,0,0
538,M15398,M,303.1,315.1,1228,59.2,90,1,0,1,0,0,0
539,M15399,H,296.4,310.9,1704,47.9,44,0,0,0,0,0,0
540,M15400,M,295.4,301.0,1424,11.4,122,0,0,0,0,0,0
541,M15401,L,298.3,309.4,1333,33.9,45,0,0,0,0,0,0
542,M15402,M,295.6,302.1,1345,64.2,216,0,0,0,0,1,0
543,M15403,H,303.6,318.2,1582,59.3,169,1,0,1,0,0,0
544,M15404,L,298.4,306.6,1361,61.3,111,0,0,0,0,0,0
545,M15405,H,304.6,316.1,1378,59.5,143,1,0,1,0,0,0
546,M15406,H,302.9,310.1,1379,36.5,187,0,0,0,0,0,0
547,M15407,H,297.9,304.7,1201,76.4,242,1,1,0,1,1,0
548,M15408,H,295.3,306.3,1426,54.8,26,0,0,0,0,0,0
549,M15409,M,296.4,308.9,1443,34.3,81,0,0,0,0,0,0
550,M15410,L,301.4,316.0,1543,41.3,67,1,0,1,0,0,0
551,M15411,H,295.7,303.3,1310,60.4,12,0,0,0,0,0,0
552,M15412,M,299.4,308.6,1370,71.9,126,1,0,0,1,0,0
553,M15413,M,300.5,306.5,1690,65.2,147,1,0,0,0,0,0
554,M15414,H,297.3,306.8,1234,30.6,81,1,0,0,0,0,0
555,M15415,L,295.7,302.4,1584,21.3,19,0,0,0,0,0,0
556,M15416,H,304.4,319.2,1546,51.6,157,1,0,1,0,0,0
557,M15417,H,295.3,309.7,1368,52.5,111,0,0,0,0,0,0
558,M15418,L,295.5,303.8,1394,38.6,141,0,0,0,0,0,0
559,M15419,H,304.3,314.7,1488,30.8,24,0,0,0,0,0,0
560,M15420,L,298.9,309.4,1702,20.8,92,0,0,0,0,0,0
561,M15421,L,299.3,307.2,1691,24.0,6,0,0,0,0,0,0
562,M15422,L,296.7,304.6,1283,43.1,29,0,0,0,0,0,0
563,M15423,M,302.8,312.5,1471,16.4,139,0,0,0,0,0,0
564,M15424,M,296.8,310.7,1578,23.1,11,0,0,0,0,0,0
565,M15425,M,299.4,307.0,1475,49.5,38,0,0,0,0,0,0
566,M15426,H,301.7,307.6,1552,66.6,105,1,0,0,0,0,0
567,M15427,H,297.3,302.9,1596,67.3,107,1,0,0,0,0,0
568,M15428,H,303.7,313.4,1441,43.3,20,0,0,0,0,0,0
569,M15429,M,304.0,316.1,1714,50.0,132,1,0,1,0,0,0
570,M15430,H,304.8,311.3,1659,22.1,42,0,0,0,0,0,0
571,M15431,L,303.1,309.4,1633,15.5,174,0,0,0,0,0,0
572,M15432,M,297.0,310.2,1351,68.4,66,1,0,0,0,0,0
573,M15433,H,304.1,309.8,1597,48.9,141,0,0,0,0,0,0
574,M15434,M,303.6,313.8,1212,65.1,159,1,0,0,0,0,0
575,M15435,M,296.1,302.6,1780,51.2,194,0,0,0,0,0,0
576,M15436,L,304.2,314.8,1303,65.0,222,1,1,0,0,1,0
577,M15437,M,303.8,311.4,1697,50.0,121,0,0,0,0,0,0
578,M15438,L,296.7,305.7,1611,12.7,227,1,1,0,0,0,0
579,M15439,H,297.4,309.9,1475,72.8,5,1,0,0,1,0,0
580,M15440,M,298.1,311.5,1300,78.1,58,1,0,0,1,0,0
581,M15441,H,299.4,312.7,1475,61.0,154,0,0,0,0,0,0
582,M15442,H,295.9,305.3,1616,61.9,194,0,0,0,0,1,0
583,M15443,H,303.7,316.9,1727,65.4,16,1,0,1,0,0,0
584,M15444,H,299.0,311.8,1736,71.6,7,1,0,0,1,0,0
585,M15445,L,303.4,310.9,1667,13.5,92,0,0,0,0,0,0
586,M15446,H,297.0,305.7,1675,45.4,162,0,0,0,0,0,0
587,M15447,L,301.8,309.2,1700,51.6,45,0,0,0,0,0,0
588,M15448,M,300.9,309.4,1367,68.6,66,1,0,0,0,0,0
589,M15449,H,295.9,301.2,1250,21.4,146,0,0,0,0,0,0
590,M15450,L,303.6,315.1,1411,28.8,104,1,0,1,0,0,0
591,M15451,H,295.1,309.2,1377,52.1,2,0,0,0,0,0,0
592,M15452,L,297.5,310.6,1512,59.9,181,0,0,0,0,0,0
593,M15453,H,297.8,311.8,1557,42.1,55,0,0,0,0,0,0
594,M15454,M,298.0,308.2,1606,50.9,1,0,0,0,0,0,0
595,M15455,H,305.0,319.7,1583,49.3,152,1,0,1,0,0,0
596,M15456,M,301.8,311.6,1544,79.2,163,1,0,0,1,0,0
597,M15457,M,297.6,309.7,1505,23.2,132,0,0,0,0,0,0
598,M15458,L,304.0,317.1,1613,56.2,174,1,0,1,0,0,0
599,M15459,L,301.6,316.6,1465,73.5,103,1,0,1,1,0,0
600,M15460,L,300.8,315.7,1394,34.0,182,1,0,1,0,0,0
601,M15461,H,301.4,311.2,1567,45.5,216,0,0,0,0,0,0
602,M15462,L,303.4,317.2,1385,30.6,120,1,0,1,0,0,0
603,M15463,M,302.3,312.9,1387,76.3,230,1,1,0,1,1,0
604,M15464,L,297.2,304.4,1514,39.4,227,1,1,0,0,0,0
605,M15465,M,300.9,310.5,1320,42.9,221,1,1,0,0,0,0
606,M15466,H,304.4,310.1,1399,45.0,222,1,1,0,0,0,0
607,M15467,H,298.0,303.5,1354,19.6,51,0,0,0,0,0,0
608,M15468,M,299.1,309.8,1668,20.0,220,0,0,0,0,0,0
609,M15469,H,296.8,302.6,1540,54.2,45,0,0,0,0,0,0
610,M15470,M,301.3,306.3,1480,24.7,198,0,0,0,0,0,0
611,M15471,L,300.8,307.4,1290,19.1,111,0,0,0,0,0,0
612,M15472,H,299.3,308.6,1688,36.8,9,0,0,0,0,0,0
613,M15473,H,297.0,305.7,1214,72.4,193,1,0,0,1,1,0
614,M15474,L,295.2,300.2,1454,25.8,224,1,1,0,0,0,0
615,M15475,L,296.0,306.0,1513,21.7,210,0,0,0,0,0,0
616,M15476,L,298.0,305.9,1732,51.7,86,0,0,0,0,0,0
617,M15477,M,303.9,318.9,1550,79.7,125,1,0,1,1,0,0
618,M15478,L,296.6,310.7,1613,11.3,57,0,0,0,0,0,0
619,M15479,H,304.8,311.9,1222,51.3,43,1,0,0,0,0,0
620,M15480,H,301.5,306.9,1461,64.0,159,0,0,0,0,0,0
621,M15481,L,300.9,306.4,1310,55.7,5,0,0,0,0,0,0
622,M15482,L,301.9,311.1,1589,18.7,64,0,0,0,0,0,0
623,M15483,M,302.0,309.1,1209,31.1,169,1,0,0,0,0,0
624,M15484,H,297.7,308.8,1340,39.3,230,1,1,0,0,0,0
625,M15485,H,301.2,309.0,1308,44.8,155,0,0,0,0,0,0
626,M15486,L,302.8,316.1,1406,35.1,104,1,0,1,0,0,0
627,M15487,L,300.5,314.6,1692,33.1,0,0,0,0,0,0,0
628,M15488,L,301.7,315.8,1787,56.8,38,1,0,1,0,0,0
629,M15489,H,295.8,308.0,1462,55.1,116,0,0,0,0,0,0
630,M15490,M,297.6,303.1,1378,71.2,218,1,0,0,1,1,0
631,M15491,H,298.1,310.5,1297,69.6,227,1,1,0,0,1,1
632,M15492,L,301.6,308.3,1566,72.6,244,1,1,0,1,1,0
633,M15493,H,295.9,309.0,1387,18.0,102,0,0,0,0,0,0
634,M15494,M,297.7,306.6,1689,66.0,166,1,0,0,0,0,0
635,M15495,L,296.1,308.1,1260,78.7,216,1,0,0,1,1,0
636,M15496,M,304.1,313.9,1782,57.5,46,0,0,0,0,0,0
637,M15497,H,298.8,307.4,1229,70.4,225,1,1,0,1,1,0
638,M15498,L,299.8,309.7,1621,40.8,16,0,0,0,0,0,0
639,M15499,M,301.5,306.6,1737,63.7,147,0,0,0,0,0,0
640,M15500,H,300.7,315.5,1546,46.3,176,1,0,1,0,0,0
641,M15501,L,299.3,311.6,1693,34.2,173,0,0,0,0,0,0
642,M15502,H,298.8,312.2,1771,72.4,156,1,0,0,1,0,0
643,M15503,H,304.3,314.4,1680,69.6,222,1,1,0,0,1,0
644,M15504,M,298.2,306.5,1484,13.5,57,0,0,0,0,0,0
645,M15505,H,301.4,310.4,1440,15.5,113,0,0,0,0,0,0
646,M15506,H,299.5,313.1,1657,32.1,127,0,0,0,0,0,0
647,M15507,H,301.5,307.5,1622,12.5,140,0,0,0,0,0,0
648,M15508,L,303.3,316.2,1511,72.3,143,1,0,1,1,0,0
649,M15509,H,299.6,308.0,1255,67.2,216,1,0,0,0,1,0
650,M15510,H,302.7,313.7,1572,60.1,29,0,0,0,0,0,0
651,M15511,L,302.6,309.8,1549,34.9,162,0,0,0,0,0,0
652,M15512,M,300.5,309.2,1308,13.2,42,0,0,0,0,0,0
653,M15513,M,296.4,308.6,1619,17.5,156,0,0,0,0,0,0
654,M15514,L,296.9,311.2,1602,25.1,211,0,0,0,0,0,0
655,M15515,L,302.2,308.3,1624,13.3,162,0,0,0,0,0,0
656,M15516,H,300.9,313.6,1661,42.0,150,0,0,0,0,0,0
657,M15517,H,296.3,306.3,1743,61.5,141,0,0,0,0,0,0
658,M15518,M,303.4,313.2,1720,64.7,233,1,1,0,0,1,0
659,M15519,H,296.7,309.9,1306,37.1,153,0,0,0,0,0,0
660,M15520,H,303.8,313.8,1593,39.3,155,0,0,0,0,0,0
661,M15521,H,302.6,310.3,1551,77.9,115,1,0,0,1,0,0
662,M15522,L,299.1,311.1,1724,30.9,179,0,0,0,0,0,0
663,M15523,H,303.6,315.7,1766,54.3,51,1,0,1,0,0,0
664,M15524,H,297.9,306.4,1335,78.7,166,1,0,0,1,0,0
665,M15525,L,300.0,311.9,1530,59.7,194,0,0,0,0,0,0
666,M15526,M,300.6,311.4,1627,57.2,228,1,1,0,0,0,0
667,M15527,M,303.8,313.0,1213,46.6,6,1,0,0,0,0,0
668,M15528,L,301.7,308.7,1364,78.8,174,1,0,0,1,0,0
669,M15529,L,301.9,309.9,1754,12.3,208,0,0,0,0,0,0
670,M15530,M,296.0,309.7,1775,70.5,190,1,0,0,1,1,0
671,M15531,M,297.4,310.2,1494,58.5,12,0,0,0,0,0,0
672,M15532,M,298.9,313.5,1520,77.6,13,1,0,0,1,0,1
673,M15533,M,297.0,310.7,1653,68.1,233,1,1,0,0,1,0
674,M15534,H,301.5,314.1,1759,61.7,50,0,0,0,0,0,0
675,M15535,H,304.6,312.5,1381,78.8,19,1,0,0,1,0,0
676,M15536,L,302.4,308.6,1241,40.0,142,1,0,0,0,0,0
677,M15537,L,300.8,308.4,1538,42.6,239,1,1,0,0,0,0
678,M15538,L,304.3,315.3,1508,44.3,146,1,0,1,0,0,0
679,M15539,L,302.8,311.0,1425,77.0,133,1,0,0,1,0,0
680,M15540,H,296.6,307.0,1613,16.4,56,0,0,0,0,0,0
681,M15541,L,301.6,309.9,1500,25.3,192,0,0,0,0,0,0
682,M15542,H,300.3,315.3,1209,18.0,88,1,0,1,0,0,0
683,M15543,H,301.1,312.3,1240,57.8,82,1,0,0,0,0,0
684,M15544,L,298.9,309.3,1489,11.7,132,0,0,0,0,0,0
685,M15545,M,300.1,310.2,1698,13.1,229,1,1,0,0,0,0
686,M15546,M,300.1,314.6,1371,78.0,197,1,0,0,1,1,0
687,M15547,L,301.3,308.4,1418,70.5,108,1,0,0,1,0,0
688,M15548,L,300.4,312.4,1645,55.3,240,1,1,0,0,0,0
689,M15549,H,296.5,306.1,1539,12.7,18,0,0,0,0,0,0
690,M15550,L,296.8,304.3,1272,50.2,58,0,0,0,0,0,0
691,M15551,M,299.1,308.6,1614,40.3,4,0,0,0,0,0,0
692,M15552,M,301.7,312.0,1264,62.9,149,0,0,0,0,0,0
693,M15553,L,302.0,307.7,1714,17.4,201,0,0,0,0,0,0
694,M15554,H,298.0,303.9,1648,36.7,210,0,0,0,0,0,0
695,M15555,H,295.3,301.9,1425,19.5,100,0,0,0,0,0,0
696,M15556,H,297.9,309.2,1505,57.4,234,1,1,0,0,0,0
697,M15557,H,301.5,316.1,1211,48.7,142,1,0,1,0,0,0
698,M15558,L,295.1,306.1,1750,48.3,21,0,0,0,0,0,0
699,M15559,M,297.1,309.5,1552,24.8,231,1,1,0,0,0,0
700,M15560,H,296.4,303.2,1458,23.6,46,0,0,0,0,0,0
701,M15561,H,303.0,316.5,1762,42.3,140,1,0,1,0,0,0
702,M15562,H,295.7,301.7,1794,44.1,84,0,0,0,0,0,0
703,M15563,M,296.3,307.9,1302,30.0,17,0,0,0,0,0,0
704,M15564,L,298.2,307.7,1513,58.5,39,0,0,0,0,0,0
705,M15565,H,300.7,313.8,1638,21.8,80,0,0,0,0,0,0
706,M15566,L,302.9,315.0,1646,29.4,92,0,0,0,0,0,0
707,M15567,L,301.8,310.1,1691,42.4,91,0,0,0,0,0,0
708,M15568,M,299.9,306.0,1283,68.9,219,1,0,0,0,1,0
709,M15569,H,297.0,309.3,1278,60.9,228,1,1,0,0,1,1
710,M15570,H,301.3,314.4,1792,38.4,151,0,0,0,0,0,0
711,M15571,L,304.1,314.6,1756,72.6,138,1,0,0,1,0,0
712,M15572,L,298.7,305.9,1497,19.4,128,0,0,0,0,0,0
713,M15573,H,295.9,304.5,1210,56.4,217,1,0,0,0,0,0
714,M15574,H,301.8,314.4,1343,41.2,45,0,0,0,0,0,0
715,M15575,H,304.5,316.1,1349,61.5,123,1,0,1,0,0,0
716,M15576,L,297.2,307.1,1264,28.5,59,0,0,0,0,0,0
717,M15577,L,301.7,311.9,1569,37.2,234,1,1,0,0,0,0
718,M15578,L,295.4,306.9,1305,59.3,133,0,0,0,0,0,0
719,M15579,H,303.3,316.6,1469,50.5,145,1,0,1,0,0,0
720,M15580,H,298.8,309.7,1279,46.2,96,0,0,0,0,0,0
721,M15581,L,300.2,308.7,1553,44.1,123,0,0,0,0,0,0
722,M15582,H,295.1,308.9,1650,21.6,19,0,0,0,0,0,0
723,M15583,H,301.4,308.5,1391,21.0,154,0,0,0,0,0,0
724,M15584,H,303.2,314.8,1624,66.8,184,1,0,0,0,1,0
725,M15585,H,299.8,306.9,1365,55.3,105,0,0,0,0,0,0
726,M15586,L,297.4,303.7,1364,19.4,131,0,0,0,0,0,0
727,M15587,L,303.9,310.4,1370,28.1,46,0,0,0,0,0,0
728,M15588,H,304.6,315.6,1777,54.6,224,1,1,1,0,0,0
729,M15589,H,303.2,317.7,1421,41.4,120,1,0,1,0,0,0
730,M15590,L,297.2,306.3,1346,65.6,210,1,0,0,0,1,0
731,M15591,H,301.6,309.2,1550,74.6,152,1,0,0,1,0,0
732,M15592,L,298.8,305.1,1216,24.2,220,1,0,0,0,0,0
733,M15593,H,299.2,305.7,1298,22.4,230,1,1,0,0,0,0
734,M15594,L,303.8,314.1,1320,16.5,168,0,0,0,0,0,0
735,M15595,L,304.0,314.4,1201,72.8,198,1,0,0,1,1,0
736,M15596,M,300.2,308.9,1244,58.8,109,1,0,0,0,0,0
737,M15597,M,302.9,311.7,1789,16.8,34,0,0,0,0,0,0
738,M15598,M,299.8,307.1,1285,29.8,224,1,1,0,0,0,0
739,M15599,M,296.9,309.0,1207,50.5,30,1,0,0,0,0,0
740,M15600,M,301.5,313.4,1523,38.6,27,0,0,0,0,0,0
741,M15601,L,299.3,310.2,1467,69.8,108,1,0,0,0,0,0
742,M15602,H,297.8,309.6,1408,38.9,200,0,0,0,0,0,0
743,M15603,H,299.8,308.5,1768,43.9,78,0,0,0,0,0,0
744,M15604,H,298.4,310.5,1341,69.8,168,1,0,0,0,0,0
745,M15605,L,299.5,311.5,1365,17.0,130,0,0,0,0,0,0
746,M15606,M,302.9,315.9,1253,21.3,246,1,1,1,0,0,0
747,M15607,L,303.2,312.9,1645,16.2,67,0,0,0,0,0,0
748,M15608,L,298.7,309.8,1593,75.1,102,1,0,0,1,0,0
749,M15609,H,297.9,312.5,1258,76.2,209,1,0,0,1,1,0
750,M15610,M,299.4,306.4,1730,30.0,8,0,0,0,0,0,0
751,M15611,H,300.1,312.1,1373,57.2,92,0,0,0,0,0,0
752,M15612,L,301.6,316.4,1288,79.8,199,1,0,1,1,1,0
753,M15613,H,299.0,309.9,1730,11.1,180,0,0,0,0,0,0
754,M15614,L,304.2,314.7,1772,74.1,89,1,0,0,1,0,0
755,M15615,M,297.3,311.9,1665,75.1,147,1,0,0,1,0,1
756,M15616,L,299.1,305.2,1274,45.2,87,0,0,0,0,0,0
757,M15617,L,303.0,317.6,1750,66.9,147,1,0,1,0,0,0
758,M15618,M,304.7,315.3,1449,63.0,246,1,1,1,0,1,0
759,M15619,H,299.6,310.5,1228,43.7,66,1,0,0,0,0,0
760,M15620,H,302.9,310.1,1435,66.0,105,1,0,0,0,0,0
761,M15621,H,300.4,312.4,1469,27.4,23,0,0,0,0,0,0
762,M15622,M,301.7,314.9,1277,48.8,45,0,0,0,0,0,0
763,M15623,M,298.1,305.3,1787,28.8,242,1,1,0,0,0,0
764,M15624,L,300.0,307.0,1447,71.1,52,1,0,0,1,0,0
765,M15625,L,303.4,312.0,1309,18.4,20,0,0,0,0,0,0
766,M15626,H,304.6,314.5,1206,63.5,138,1,0,0,0,0,0
767,M15627,M,298.7,306.9,1788,70.8,125,1,0,0,1,0,0
768,M15628,H,297.8,305.0,1790,19.0,134,0,0,0,0,0,0
769,M15629,M,299.8,310.2,1714,34.3,220,0,0,0,0,0,0
770,M15630,H,302.8,312.4,1323,58.9,117,0,0,0,0,0,0
771,M15631,M,301.9,307.0,1415,36.6,25,0,0,0,0,0,0
772,M15632,M,298.6,312.2,1391,48.4,60,0,0,0,0,0,0
773,M15633,M,299.7,310.8,1574,22.9,108,0,0,0,0,0,0
774,M15634,L,299.2,311.7,1573,69.8,71,1,0,0,0,0,0
775,M15635,H,296.3,307.1,1434,67.0,184,1,0,0,0,1,0
776,M15636,L,300.6,314.2,1400,20.2,245,1,1,0,0,0,0
777,M15637,M,303.1,309.9,1711,19.4,228,1,1,0,0,0,0
778,M15638,H,300.3,308.5,1698,31.0,143,0,0,0,0,0,0
779,M15639,H,295.5,301.5,1367,14.2,208,0,0,0,0,0,0
780,M15640,M,299.8,311.1,1660,62.1,66,0,0,0,0,0,0
781,M15641,M,298.6,309.2,1463,34.1,105,0,0,0,0,0,0
782,M15642,L,298.5,310.3,1403,50.4,166,0,0,0,0,0,0
783,M15643,H,300.4,315.2,1491,34.9,172,1,0,1,0,0,0
784,M15644,H,299.5,305.3,1493,42.5,244,1,1,0,0,0,0
785,M15645,L,301.4,315.7,1631,54.2,146,1,0,1,0,0,0
786,M15646,L,295.8,304.2,1521,32.2,74,0,0,0,0,0,0
787,M15647,H,297.7,309.1,1477,72.1,199,1,0,0,1,1,0
788,M15648,M,302.5,312.7,1661,39.0,47,0,0,0,0,0,0
789,M15649,L,296.3,303.6,1457,75.8,179,1,0,0,1,0,0
790,M15650,L,296.7,302.7,1265,75.6,121,1,0,0,1,0,0
791,M15651,L,302.7,312.9,1285,17.3,158,0,0,0,0,0,0
792,M15652,L,295.8,310.1,1599,31.7,63,0,0,0,0,0,0
793,M15653,H,297.8,309.1,1334,46.9,43,0,0,0,0,0,0
794,M15654,L,295.4,304.0,1533,70.5,119,1,0,0,1,0,0
795,M15655,H,304.3,314.8,1338,77.9,178,1,0,0,1,0,0
796,M15656,H,301.0,312.3,1777,40.4,163,0,0,0,0,0,0
797,M15657,H,300.3,314.4,1693,47.8,206,0,0,0,0,0,0
798,M15658,L,299.4,308.1,1466,20.9,2,0,0,0,0,0,0
799,M15659,L,300.2,312.8,1339,34.1,120,0,0,0,0,0,0
800,M15660,H,295.1,309.3,1688,31.0,196,0,0,0,0,0,0
801,M15661,M,303.0,314.0,1207,48.4,48,1,0,0,0,0,0
802,M15662,H,299.4,306.9,1599,68.0,56,1,0,0,0,0,0
803,M15663,M,301.3,311.5,1478,29.9,190,0,0,0,0,0,0
804,M15664,H,303.1,312.2,1270,22.8,74,0,0,0,0,0,0
805,M15665,L,301.4,312.6,1478,59.0,125,0,0,0,0,0,0
806,M15666,L,298.2,304.7,1747,11.5,248,1,1,0,0,0,0
807,M15667,M,296.3,305.7,1208,26.3,38,1,0,0,0,0,1
808,M15668,L,298.4,306.5,1710,79.9,118,1,0,0,1,0,0
809,M15669,L,298.3,311.7,1349,13.9,198,0,0,0,0,0,0
810,M15670,M,295.7,305.4,1396,72.7,64,1,0,0,1,0,0
811,M15671,L,296.2,308.9,1454,36.9,249,1,1,0,0,0,0
812,M15672,H,304.9,311.9,1296,46.5,53,0,0,0,0,0,0
813,M15673,M,298.9,313.5,1530,21.1,186,0,0,0,0,0,0
814,M15674,L,302.4,312.9,1325,27.7,163,0,0,0,0,0,0
815,M15675,M,297.0,310.9,1423,78.1,60,1,0,0,1,0,0
816,M15676,M,295.2,308.1,1798,18.4,202,0,0,0,0,0,0
817,M15677,L,295.1,300.5,1686,58.2,39,0,0,0,0,0,0
818,M15678,M,302.7,310.2,1711,16.4,158,0,0,0,0,0,0
819,M15679,M,304.3,319.3,1261,14.2,165,1,0,1,0,0,0
820,M15680,H,302.9,309.2,1438,32.2,142,0,0,0,0,0,0
821,M15681,H,302.6,315.7,1649,61.3,5,1,0,1,0,0,0
822,M15682,M,302.2,309.7,1240,44.0,112,1,0,0,0,0,0
823,M15683,H,302.0,308.9,1391,48.1,82,0,0,0,0,0,0
824,M15684,H,299.7,313.4,1767,21.2,135,0,0,0,0,0,0
825,M15685,L,299.5,312.7,1754,35.7,0,0,0,0,0,0,0
826,M15686,H,300.1,312.4,1219,53.4,93,1,0,0,0,0,0
827,M15687,L,298.2,303.8,1751,67.3,48,1,0,0,0,0,0
828,M15688,M,302.7,309.2,1489,32.6,164,0,0,0,0,0,0
829,M15689,M,296.1,306.3,1268,13.1,240,1,1,0,0,0,0
830,M15690,L,297.0,306.9,1301,12.2,164,0,0,0,0,0,0
831,M15691,M,301.6,311.9,1462,13.4,56,0,0,0,0,0,0
832,M15692,H,302.2,307.3,1413,55.9,237,1,1,0,0,0,0
833,M15693,L,299.7,311.1,1569,49.1,240,1,1,0,0,0,0
834,M15694,M,302.9,308.5,1472,47.0,187,0,0,0,0,0,0
835,M15695,L,303.3,309.1,1421,77.2,24,1,0,0,1,0,0
836,M15696,L,300.3,307.2,1738,56.0,145,0,0,0,0,0,0
837,M15697,H,304.5,315.1,1771,39.1,27,1,0,1,0,0,0
838,M15698,H,298.6,308.2,1637,71.8,42,1,0,0,1,0,0
839,M15699,H,299.0,307.4,1361,47.4,153,0,0,0,0,0,0
840,M15700,M,304.3,318.3,1763,79.4,83,1,0,1,1,0,0
841,M15701,M,302.6,311.9,1531,52.6,144,0,0,0,0,0,0
842,M15702,H,297.1,309.8,1460,35.2,115,0,0,0,0,0,0
843,M15703,M,304.6,309.6,1235,78.8,152,1,0,0,1,0,1
844,M15704,L,304.9,312.9,1507,78.9,54,1,0,0,1,0,0
845,M15705,L,302.7,317.1,1482,74.3,130,1,0,1,1,0,0
846,M15706,H,296.5,301.9,1564,20.9,67,0,0,0,0,0,0
847,M15707,M,303.9,311.4,1462,66.8,23,1,0,0,0,0,0
848,M15708,H,304.2,316.5,1532,65.5,44,1,0,1,0,0,0
849,M15709,H,302.0,315.2,1297,51.7,76,1,0,1,0,0,1
850,M15710,H,298.8,311.6,1542,34.4,209,0,0,0,0,0,0
851,M15711,M,299.2,312.9,1432,62.3,217,0,0,0,0,1,0
852,M15712,H,304.3,315.6,1591,13.8,134,1,0,1,0,0,1
853,M15713,H,300.6,308.9,1426,20.7,172,0,0,0,0,0,0
854,M15714,H,305.0,319.7,1789,45.3,56,1,0,1,0,0,0
855,M15715,M,296.5,304.9,1687,50.0,12,0,0,0,0,0,0
856,M15716,H,299.0,304.9,1713,40.4,178,0,0,0,0,0,0
857,M15717,L,302.6,312.4,1402,44.2,166,0,0,0,0,0,0
858,M15718,H,297.0,308.2,1736,27.2,18,0,0,0,0,0,0
859,M15719,M,302.8,311.0,1789,16.3,171,0,0,0,0,0,0
860,M15720,M,299.2,307.7,1528,34.1,167,0,0,0,0,0,0
861,M15721,L,302.7,309.4,1558,53.1,205,0,0,0,0,0,0
862,M15722,M,301.2,310.6,1439,24.0,95,0,0,0,0,0,0
863,M15723,L,302.6,316.1,1315,61.8,62,1,0,1,0,0,0
864,M15724,L,303.7,316.9,1214,34.0,205,1,0,1,0,0,0
865,M15725,M,299.7,308.0,1750,24.8,139,0,0,0,0,0,0
866,M15726,H,302.5,313.0,1344,58.7,171,0,0,0,0,0,0
867,M15727,L,298.8,312.9,1739,13.0,43,0,0,0,0,0,0
868,M15728,L,297.8,310.7,1477,13.7,167,0,0,0,0,0,0
869,M15729,L,295.7,307.3,1568,70.5,4,1,0,0,1,0,0
870,M15730,H,298.9,313.7,1720,78.4,25,1,0,0,1,0,0
871,M15731,M,303.7,314.0,1390,23.9,247,1,1,0,0,0,0
872,M15732,H,295.2,302.7,1742,31.3,125,0,0,0,0,0,0
873,M15733,M,302.4,307.6,1560,34.9,77,0,0,0,0,0,0
874,M15734,L,305.0,319.8,1482,66.8,160,1,0,1,0,0,0
875,M15735,M,303.9,317.0,1230,76.1,242,1,1,1,1,1,0
876,M15736,L,298.4,307.3,1340,16.1,97,0,0,0,0,0,0
877,M15737,H,304.6,315.7,1432,39.2,146,1,0,1,0,0,0
878,M15738,M,304.1,312.4,1755,19.2,167,0,0,0,0,0,0
879,M15739,L,300.8,312.6,1407,70.4,79,1,0,0,1,0,0
880,M15740,H,304.1,313.4,1348,55.9,144,0,0,0,0,0,0
881,M15741,L,298.2,308.8,1321,22.9,214,0,0,0,0,0,0
882,M15742,L,302.3,315.0,1623,77.3,77,1,0,0,1,0,0
883,M15743,H,304.3,312.0,1392,17.5,47,0,0,0,0,0,0
884,M15744,L,302.6,313.7,1473,52.4,156,0,0,0,0,0,0
885,M15745,L,301.0,308.3,1226,35.1,176,1,0,0,0,0,0
886,M15746,L,300.0,311.0,1582,22.9,99,0,0,0,0,0,0
887,M15747,M,299.7,306.3,1431,12.3,195,0,0,0,0,0,0
888,M15748,L,304.3,318.8,1427,62.0,51,1,0,1,0,0,0
889,M15749,L,296.8,311.3,1649,70.7,125,1,0,0,1,0,0
890,M15750,M,303.9,313.2,1242,52.6,211,1,0,0,0,0,0
891,M15751,M,298.9,313.3,1785,51.6,134,0,0,0,0,0,0
892,M15752,H,303.8,316.7,1733,17.7,116,1,0,1,0,0,0
893,M15753,L,303.8,311.3,1750,37.7,188,0,0,0,0,0,0
894,M15754,L,300.6,310.8,1250,23.3,112,0,0,0,0,0,0
895,M15755,M,303.8,316.5,1492,42.3,108,1,0,1,0,0,0
896,M15756,L,301.9,315.9,1674,68.1,115,1,0,1,0,0,0
897,M15757,H,296.1,308.9,1759,19.5,105,0,0,0,0,0,0
898,M15758,M,299.5,306.3,1406,71.8,23,1,0,0,1,0,0
899,M15759,H,301.5,313.6,1367,60.3,31,0,0,0,0,0,0
900,M15760,L,296.1,305.6,1571,16.0,181,0,0,0,0,0,0
901,M15761,M,302.3,317.1,1363,36.5,97,1,0,1,0,0,1
902,M15762,L,304.1,314.8,1353,21.3,37,0,0,0,0,0,0
903,M15763,L,302.7,308.2,1515,31.7,196,0,0,0,0,0,0
904,M15764,M,297.9,304.7,1334,77.2,0,1,0,0,1,0,0
905,M15765,M,295.1,305.1,1710,48.0,1,0,0,0,0,0,0
906,M15766,H,303.8,311.2,1687,41.8,113,0,0,0,0,0,0
907,M15767,L,301.0,306.1,1760,29.5,160,0,0,0,0,0,0
908,M15768,H,303.2,310.3,1389,20.4,167,0,0,0,0,0,0
909,M15769,M,295.4,308.9,1791,68.7,76,1,0,0,0,0,0
910,M15770,L,295.5,304.7,1382,21.3,72,0,0,0,0,0,0
911,M15771,H,301.6,313.6,1786,65.1,45,1,0,0,0,0,0
912,M15772,H,300.8,315.1,1295,63.8,82,1,0,1,0,0,0
913,M15773,M,303.2,315.8,1763,14.5,120,1,0,1,0,0,0
914,M15774,H,303.6,311.9,1623,46.7,178,0,0,0,0,0,0
915,M15775,L,301.1,307.2,1741,79.1,123,1,0,0,1,0,0
916,M15776,H,304.3,319.2,1494,39.9,217,1,0,1,0,0,0
917,M15777,H,300.8,312.0,1332,53.0,127,0,0,0,0,0,0
918,M15778,H,302.3,312.3,1384,71.9,59,1,0,0,1,0,0
919,M15779,L,295.0,300.2,1320,61.6,53,0,0,0,0,0,0
920,M15780,H,305.0,314.1,1541,34.5,206,0,0,0,0,0,0
921,M15781,H,297.1,308.5,1488,27.8,17,0,0,0,0,0,0
922,M15782,M,298.0,308.5,1206,18.0,85,1,0,0,0,0,0
923,M15783,H,300.7,315.3,1379,23.6,213,1,0,1,0,0,0
924,M15784,H,299.8,309.5,1236,55.2,123,1,0,0,0,0,0
925,M15785,M,303.9,314.3,1543,42.4,208,0,0,0,0,0,0
926,M15786,M,304.3,309.9,1733,31.0,185,0,0,0,0,0,0
927,M15787,H,298.2,308.6,1413,50.4,84,0,0,0,0,0,0
928,M15788,M,295.7,302.2,1231,33.7,96,1,0,0,0,0,0
929,M15789,L,300.7,309.6,1319,70.5,192,1,0,0,1,1,0
930,M15790,M,302.1,309.8,1288,44.8,60,0,0,0,0,0,0
931,M15791,M,299.5,314.0,1421,46.8,44,0,0,0,0,0,0
932,M15792,L,298.7,304.1,1406,73.9,113,1,0,0,1,0,0
933,M15793,M,304.0,310.5,1548,74.7,187,1,0,0,1,1,0
934,M15794,M,302.8,309.2,1300,67.5,240,1,1,0,0,1,0
935,M15795,L,297.1,302.5,1596,60.0,133,0,0,0,0,0,0
936,M15796,L,295.0,309.3,1289,33.3,227,1,1,0,0,0,1
937,M15797,H,302.7,315.2,1223,50.4,79,1,0,1,0,0,0
938,M15798,L,298.2,305.1,1483,47.3,197,0,0,0,0,0,0
939,M15799,M,301.7,309.4,1361,29.2,3,0,0,0,0,0,0
940,M15800,H,300.6,306.6,1755,34.5,81,0,0,0,0,0,0
941,M15801,M,296.4,308.4,1490,50.2,43,0,0,0,0,0,0
942,M15802,L,298.1,312.0,1753,41.1,33,0,0,0,0,0,0
943,M15803,L,299.7,311.5,1308,36.9,22,0,0,0,0,0,0
944,M15804,M,298.9,310.9,1656,53.1,79,0,0,0,0,0,0
945,M15805,M,303.2,315.3,1746,15.5,236,1,1,1,0,0,0
946,M15806,M,300.7,306.6,1679,16.8,79,0,0,0,0,0,0
947,M15807,H,301.4,314.1,1681,26.2,57,0,0,0,0,0,0
948,M15808,L,303.6,314.8,1572,37.4,179,0,0,0,0,0,0
949,M15809,H,298.3,311.9,1532,41.7,7,0,0,0,0,0,0
950,M15810,L,299.8,308.3,1672,69.2,72,1,0,0,0,0,0
951,M15811,H,300.7,310.8,1615,67.2,203,1,0,0,0,1,0
952,M15812,H,301.5,314.4,1745,42.3,151,0,0,0,0,0,0
953,M15813,M,297.4,304.8,1362,78.2,98,1,0,0,1,0,0
954,M15814,L,303.1,314.0,1645,49.7,87,0,0,0,0,0,0
955,M15815,H,301.9,308.6,1279,61.8,182,0,0,0,0,1,0
956,M15816,H,303.4,309.5,1674,32.8,24,0,0,0,0,0,0
957,M15817,M,296.8,311.4,1271,51.9,175,0,0,0,0,0,0
958,M15818,H,302.7,311.5,1706,55.1,15,0,0,0,0,0,0
959,M15819,L,297.2,303.6,1794,73.2,162,1,0,0,1,0,0
960,M15820,L,301.6,311.1,1498,37.3,147,0,0,0,0,0,0
961,M15821,M,297.0,308.8,1524,31.0,203,0,0,0,0,0,0
962,M15822,H,298.0,312.4,1645,60.2,234,1,1,0,0,1,0
963,M15823,L,300.8,311.9,1722,38.3,32,0,0,0,0,0,0
964,M15824,M,295.6,309.6,1254,10.1,143,0,0,0,0,0,0
965,M15825,M,296.1,303.9,1231,26.5,179,1,0,0,0,0,0
966,M15826,H,298.2,307.0,1590,40.5,54,0,0,0,0,0,0
967,M15827,H,296.7,303.1,1768,36.9,236,1,1,0,0,0,0
968,M15828,M,296.5,311.5,1328,19.4,18,0,0,0,0,0,0
969,M15829,H,295.2,307.4,1698,56.1,249,1,1,0,0,0,0
970,M15830,L,296.4,309.5,1666,72.6,178,1,0,0,1,0,0
971,M15831,M,301.2,310.7,1634,48.6,115,0,0,0,0,0,0
972,M15832,M,298.6,305.5,1207,50.5,216,1,0,0,0,0,0
973,M15833,H,300.0,309.1,1759,50.3,8,0,0,0,0,0,0
974,M15834,L,300.7,312.7,1315,50.6,246,1,1,0,0,0,0
975,M15835,L,302.3,312.6,1486,42.5,20,0,0,0,0,0,0
976,M15836,H,303.9,309.8,1683,54.1,169,0,0,0,0,0,0
977,M15837,H,295.8,307.1,1793,31.9,13,0,0,0,0,0,0
978,M15838,M,300.4,305.5,1664,45.9,120,0,0,0,0,0,0
979,M15839,H,302.3,311.5,1501,30.2,9,0,0,0,0,0,0
980,M15840,H,304.2,316.7,1777,28.2,161,1,0,1,0,0,0
981,M15841,L,300.7,312.3,1498,66.6,159,1,0,0,0,0,1
982,M15842,M,295.8,305.9,1484,27.6,157,0,0,0,0,0,0
983,M15843,M,297.8,305.4,1314,52.3,232,1,1,0,0,0,0
984,M15844,L,301.6,310.3,1379,28.3,179,0,0,0,0,0,0
985,M15845,L,299.8,312.8,1233,34.0,21,1,0,0,0,0,0
986,M15846,H,304.3,310.8,1707,62.7,105,0,0,0,0,0,0
987,M15847,M,297.4,306.8,1371,24.8,187,0,0,0,0,0,0
988,M15848,M,295.5,303.1,1318,13.7,118,0,0,0,0,0,0
989,M15849,M,299.8,309.6,1745,26.4,174,0,0,0,0,0,0
990,M15850,H,298.9,306.5,1743,70.9,3,1,0,0,1,0,0
991,M15851,M,298.8,307.0,1742,57.8,10,0,0,0,0,0,0
992,M15852,L,304.2,315.6,1642,52.7,166,1,0,1,0,0,0
993,M15853,M,297.7,310.7,1461,55.8,100,0,0,0,0,0,0
994,M15854,M,302.7,315.2,1399,46.4,173,1,0,1,0,0,0
995,M15855,L,298.1,303.2,1208,68.2,3,1,0,0,0,0,0
996,M15856,H,296.0,305.5,1424,60.8,64,0,0,0,0,0,0
997,M15857,L,295.3,306.5,1258,75.7,168,1,0,0,1,0,0
998,M15858,L,304.5,315.9,1322,16.0,154,1,0,1,0,0,0
999,M15859,H,302.6,314.1,1389,72.7,178,1,0,0,1,0,0
1000,M15860,M,299.7,314.1,1664,74.6,70,1,0,0,1,0,0
